{
  "skill_gg_menu_name": "Warcries",
  "skill_gg_none_text": " ",
  "bm_menu_btn_equip_skill_gg": "Equip",
  "bm_menu_btn_unequip_skill_gg": "Unequip",
  "skill_gg_skill_desc_cd": "[ Cooldown: $$cd$$ ]",
  "skill_gg_skill_desc_tt": "[ Capacity: $$tt$$ ]",
  "skill_gg_skill_desc_dd": "[ Duration: $$dd$$ ]",
  "skill_gg_skill_0_name": "No Skill",
  "skill_gg_skill_0_desc": " ",
  "skill_gg_skill_1_name": "Gawr Gura 'A'",
  "skill_gg_skill_1_desc": "Ignite on each nearby people.",
  "skill_gg_skill_2_name": "Overloading Mode",
  "skill_gg_skill_2_desc": "Enable Bullet-Storm.",
  "skill_gg_opt_x_offset": "Icon: X Offset",
  "skill_gg_opt_y_offset": "Icon: Y Offset",
  "skill_gg_opt_icon_size": "Icon: Size"
}