<table name="Warcries" global_key="Warcries">
	<AssetUpdates id="Skill GG" version="7">
        <custom_provider 
			version_api_url="https://drnewbie.github.io/SkillGG/UpdateProvider/SkillGG.txt" 
			download_url="https://drnewbie.github.io/SkillGG/UpdateProvider/SkillGG.zip"
		/>
    </AssetUpdates>
	<AddFiles directory="assets">
		<texture path="guis/skill_gg/1_gawr_gura_A/icon01" />
		<texture path="guis/skill_gg/2_exusiai_overloading_mode/icon01" />
	</AddFiles>
	<Sounds directory="assets/sounds">
		<sound id="ogg_aaaafdc75278f44d" path="ogg_aaaafdc75278f44d.ogg" prefix="first"/>
		<sound id="ogg_45bd964f010ed73b" path="ogg_45bd964f010ed73b.ogg" prefix="first"/>
	</Sounds>
	<Options build_menu="true" auto_load="true">
		<options title_id="skill_gg_menu_name" desc_id="skill_gg_none_text">
			<option type="number" min="-0.1" max="3.0" step="0.1" show_value="true" default_value="1.35" 
				title_id="skill_gg_opt_x_offset" desc_id="skill_gg_none_text" name="icon_offset_x" 
			/>
			<option type="number" min="-0.1" max="3.0" step="0.1" show_value="true" default_value="1.35" 
				title_id="skill_gg_opt_y_offset" desc_id="skill_gg_none_text" name="icon_offset_y" 
			/>
			<option type="number" min="0.1" max="5.0" step="0.1" show_value="true" default_value="1" 
				title_id="skill_gg_opt_icon_size" desc_id="skill_gg_none_text" name="icon_size" 
			/>
		</options>
	</Options>
</table>